301     /beta.html                     /documentation/3.0-beta
301     /installation.html             /documentation/installation
301     /migrate-from-chrome.html      /documentation/migrate-from-chrome
301     /cookies.html                  /documentation/cookie-management
301     /code.html                     /documentation/code-snippets
301     /environments.html             /documentation/environment-variables
301     /workspaces.html               /documentation/workspaces
301     /shortcuts.html                /documentation/keyboard-shortcuts
301     /feedback.html                 /documentation/support-and-feedback
